"query","name","labelM2","measuredM2","deltaPct","method","doors","windows","furniture","flags"
"A-001","A-001 / ADMIN OPEN OFFICE / 150 m²","150","134,42267081250003","10,3848861249999800","flood","0","0","4","labelMismatch|emptyOpenings"
"A-002","A-002 / SALA NARAD / 100 m²","100","92,95203667361112","7,0479633263888800","flood","0","0","2","emptyOpenings"
"A-003","A-003 / HOL GLOWNY + REJESTRACJA / 276 m²","276","220,8","20,0","raycast","0","0","5","leakSuspected|labelMismatch"
"A-101","A-101 / PORADNIA PEDIATRYCZNA / 64 m²","64","136","112,5","raycast","0","0","0","leakSuspected|leakSuspected|labelMismatch|emptyOpenings"
"A-102","A-102 / PORADNIA INTERNISTYCZNA / 56 m²","56","119","112,5","raycast","0","0","0","leakSuspected|leakSuspected|labelMismatch|emptyOpenings"
"A-103","A-103 / PORADNIA CHIRURG. / 48 m²","48","98,8","105,83333333333333333333333333","raycast","0","0","0","leakSuspected|leakSuspected|labelMismatch|emptyOpenings"
"A-103","A-103 / PORADNIA CHIRURG. / 48 m²","48","221","360,416666666667","raycast","0","0","0","leakSuspected|leakSuspected|labelMismatch|emptyOpenings"
"A-105","A-105 / KONSULT. / 56 m²","56","53,2","5,00","raycast","0","0","0","leakSuspected|emptyOpenings"
"A-201","A-201 / APTEKA SZPITALNA / 96 m²","96","88,93702261111112","7,3572681134259166666666666700","flood","0","0","1","emptyOpenings"
"A-202","A-202 / SOCJALNA PERSONELU / 72 m²","72","66,95259005555556","7,0102915895061666666666666700","flood","0","0","2","emptyOpenings"
"A-203","A-203 / KAWIARNIA / GASTRO / 112 m²","112","106,4","5,00","raycast","0","0","3","leakSuspected|emptyOpenings"
"A-301","A-301 / WC ACCESS. / KOBIETY",,"13,775959361111115",,"flood","0","0","0","emptyOpenings"
"A-302","A-302 / WC ACCESS. / MEZCZYZNI",,"12,508999368055559",,"flood","0","0","0","emptyOpenings"
"A-303","A-303 / PRZEWIJAK / + RODZINNY",,"40,56056428472223",,"flood","0","0","1","emptyOpenings"
"A-304","A-304 / SALA KONFERENCYJNA / 200 m²","200","184,51220180555558","7,7438990972222100","flood","0","0","4","emptyOpenings|furnitureMismatch"
"A-305","A-305 / SALA EDUKACYJNA / SZKOLEN / 200 m²","200","183,26308631944448","8,3684568402777600","flood","0","0","4","emptyOpenings|furnitureMismatch"
"A-401","A-401 / ADMIN / 104 m²","104","95,45026764583335","8,220896494391009615384615380","flood","0","0","3","emptyOpenings"
"A-402","A-402 / ARCHIWUM / 104 m²","104","97,10980679166667","6,6251857772435865384615384600","flood","0","0","2","emptyOpenings"
"A-403","A-403 / IT / SERWERY / 104 m²","104","83,833493625","19,390871514423076923076923080","flood","0","0","4","labelMismatch|emptyOpenings"
"A-404","A-404 / DYREKCJA / 104 m²","104","67,68421484027779","34,919024192040586538461538460","flood","0","0","0","labelMismatch|emptyOpenings"
"B-101","B-101 / TRIAGE / 48 m²","48","43,61197497222223","9,141718807870354166666666670","flood","0","0","3","emptyOpenings"
"B-102","B-102 / WJAZD KARETEK / VESTIBULE / 80 m²","80","129,5","61,87500","raycast","0","0","5","leakSuspected|leakSuspected|labelMismatch|emptyOpenings"
"B-102","B-102 / WJAZD KARETEK / VESTIBULE / 80 m²","80","229,03424663194448","186,292808289930600","flood","0","0","6","leakSuspected|labelMismatch|emptyOpenings"
"B-201","B-201 / BOX 1",,"7,74451601388889",,"flood","0","0","0",""
"B-202","B-202 / BOX 2","34","297,6106868194445","775,32554946895441176470588235","flood","0","0","5","leakSuspected|labelMismatch"
"B-202","B-202 / BOX 2","34","297,6106868194445","775,32554946895441176470588235","flood","0","0","5","leakSuspected|labelMismatch"
"B-202","B-202 / BOX 2","34","297,6106868194445","775,32554946895441176470588235","flood","0","0","5","leakSuspected|labelMismatch"
"B-203","B-203 / BOX 3",,"12,169953736111113",,"flood","0","0","1",""
"B-204","B-204 / BOX 4","52,5","82,25","56,666666666666666666666666670","raycast","0","0","2","leakSuspected|leakSuspected|labelMismatch"
"B-205","B-205 / SALA RESUSCYTACYJNA / 52 m² (min. 36 m² MZ)","52","38,954558659722224","25,087387192841876923076923080","flood","0","0","0","labelMismatch|emptyOpenings"
"B-220","B-220 / SLUZA AIIR 1","40","60","50","raycast","0","0","1","leakSuspected|labelMismatch|emptyOpenings"
"B-220","B-220 / SLUZA AIIR 1","28","158,8518008194445","467,32786006944464285714285714","flood","0","0","6","leakSuspected|labelMismatch|emptyOpenings"
"B-220","B-220 / SLUZA AIIR 1","28","158,8518008194445","467,32786006944464285714285714","flood","0","0","6","leakSuspected|labelMismatch|emptyOpenings"
"B-221","B-221 / SLUZA AIIR 2","28","82,45946659027778","194,49809496527778571428571429","flood","0","0","1","leakSuspected|labelMismatch|emptyOpenings"
"B-221","B-221 / SLUZA AIIR 2","28","82,45946659027778","194,49809496527778571428571429","flood","0","0","1","leakSuspected|labelMismatch|emptyOpenings"
"B-222","B-222 / AIIR 1 / 28 m² / -12 Pa / HEPA","28","106,4","280,0","raycast","0","0","5","leakSuspected|leakSuspected|labelMismatch|emptyOpenings"
"B-301","B-301 / GIPSOWNIA / 34 m²","34","46,8","37,647058823529411764705882350","raycast","0","0","0","leakSuspected|labelMismatch|emptyOpenings"
"B-302","B-302 / LAB POC / 34 m²","34","28,426299562500006","16,393236580882335294117647060","flood","0","0","0","labelMismatch|emptyOpenings"
"B-303","B-303 / RTG SOR / 34 m²","34","32,6376032013889","4,0070494076797058823529411800","flood","0","0","1","emptyOpenings"
"B-304","B-304 / GINEK. / OBS. / 34 m²","34","150,8","343,52941176470588235294117647","raycast","0","0","1","leakSuspected|leakSuspected|labelMismatch|emptyOpenings"
"B-401","B-401 / PRACOWNIA TK (CT) / 81 m² / Pb","81","80,10399167361112","1,1061831189986172839506172800","flood","0","0","1","emptyOpenings"
"B-402","B-402 / KABINA STEROWANIA TK / 36 m²","36","34,67187699305556","3,6892305748456666666666666700","flood","0","0","0","emptyOpenings"
"B-410","B-410 / MR 3T / Faraday / 80 m²","80","71,82414045138891","10,219824435763862500","flood","0","0","2","labelMismatch|emptyOpenings"
"B-421","B-421 / RTG-1 / 56 m² / Pb","56","54,74694730555556","2,2375940972222142857142857100","flood","0","0","4","emptyOpenings"
"B-422","B-422 / RTG-2 / 56 m² / Pb","56","53,694121395833335","4,1176403645833303571428571400","flood","0","0","3","emptyOpenings"
"B-502","B-502 / SALA OR-2 / 52,5 m² | ISO-5 | -5 Pa","52,5","46,52062960416667","11,389276944444438095238095240","flood","0","0","1","labelMismatch|emptyOpenings"
"B-504","B-504 / SALA OR-4 HYBRID / 52,5 m² | ISO-5 | -5 Pa","52,5","49,7","5,3333333333333333333333333300","raycast","0","0","1","leakSuspected|emptyOpenings"
"B-601","B-601 / POKOJ 1-osobowy / 30 m²","30","30","0","raycast","0","0","0","leakSuspected|emptyOpenings"
"B-602","B-602 / POKOJ 1-osobowy / 30 m²","30","72,21671960416667","140,72239868055556666666666667","flood","0","0","2","leakSuspected|labelMismatch|emptyOpenings"
"B-602","B-602 / POKOJ 1-osobowy / 30 m²","30","72,21671960416667","140,72239868055556666666666667","flood","0","0","2","leakSuspected|labelMismatch|emptyOpenings"
"B-603","B-603 / POKOJ 1-osobowy / 30 m²","30","63,27662162500002","110,922072083333400","flood","0","0","0","leakSuspected|labelMismatch|emptyOpenings"
"B-603","B-603 / POKOJ 1-osobowy / 30 m²","30","63,27662162500002","110,922072083333400","flood","0","0","0","leakSuspected|labelMismatch|emptyOpenings"
"B-604","B-604 / POKOJ 1-osobowy / 30 m²","30","30","0","raycast","0","0","0","leakSuspected|emptyOpenings"
